snapshot_date,product_id,warehouse,quantity_on_hand
2023-03-01,1,WH_NORTH,432
2023-03-01,2,WH_SOUTH,169
2023-03-01,3,WH_NORTH,441
2023-03-01,4,WH_SOUTH,275
2023-03-01,5,WH_EAST,446
2023-03-01,6,WH_WEST,219
2023-03-01,7,WH_SOUTH,386
2023-03-01,8,WH_WEST,447
2023-03-01,9,WH_EAST,263
2023-03-01,10,WH_NORTH,322
2023-03-01,11,WH_WEST,389
2023-03-01,12,WH_SOUTH,264
2023-03-01,13,WH_EAST,293
2023-03-01,14,WH_SOUTH,388
2023-03-01,15,WH_WEST,440
2023-03-01,16,WH_NORTH,343
2023-03-01,17,WH_WEST,100
2023-03-01,18,WH_EAST,262
2023-03-01,19,WH_EAST,113
2023-03-01,20,WH_NORTH,368
2023-03-01,21,WH_NORTH,11
2023-03-01,22,WH_NORTH,435
2023-03-01,23,WH_SOUTH,224
2023-03-01,24,WH_WEST,307
2023-03-01,25,WH_EAST,43
2023-03-01,26,WH_SOUTH,0
2023-03-01,27,WH_EAST,329
2023-03-01,28,WH_EAST,75
2023-03-01,29,WH_WEST,235
2023-03-01,30,WH_EAST,268
2023-03-01,31,WH_WEST,388
2023-03-01,32,WH_WEST,24
2023-03-01,33,WH_SOUTH,198
2023-03-01,34,WH_EAST,212
2023-03-01,35,WH_SOUTH,26
2023-03-01,36,WH_SOUTH,382
2023-03-01,37,WH_WEST,110
2023-03-01,38,WH_EAST,155
2023-03-01,39,WH_EAST,108
2023-03-01,40,WH_EAST,206
2023-03-01,41,WH_WEST,382
2023-03-01,42,WH_SOUTH,119
2023-03-01,43,WH_NORTH,275
2023-03-01,44,WH_NORTH,345
2023-03-01,45,WH_SOUTH,100
2023-03-01,46,WH_SOUTH,189
2023-03-01,47,WH_WEST,347
2023-03-01,48,WH_WEST,45
2023-03-01,49,WH_WEST,365
2023-03-01,50,WH_NORTH,229
2023-03-04,1,WH_SOUTH,429
2023-03-04,2,WH_NORTH,453
2023-03-04,3,WH_WEST,154
2023-03-04,4,WH_EAST,443
2023-03-04,5,WH_EAST,236
2023-03-04,6,WH_WEST,453
2023-03-04,7,WH_WEST,88
2023-03-04,8,WH_WEST,455
2023-03-04,9,WH_SOUTH,198
2023-03-04,10,WH_SOUTH,482
2023-03-04,11,WH_WEST,227
2023-03-04,12,WH_EAST,356
2023-03-04,13,WH_NORTH,260
2023-03-04,14,WH_WEST,416
2023-03-04,15,WH_WEST,135
2023-03-04,16,WH_WEST,494
2023-03-04,17,WH_EAST,313
2023-03-04,18,WH_EAST,350
2023-03-04,19,WH_EAST,332
2023-03-04,20,WH_SOUTH,481
2023-03-04,21,WH_EAST,429
2023-03-04,22,WH_EAST,70
2023-03-04,23,WH_EAST,434
2023-03-04,24,WH_SOUTH,228
2023-03-04,25,WH_WEST,403
2023-03-04,26,WH_EAST,449
2023-03-04,27,WH_NORTH,492
2023-03-04,28,WH_SOUTH,243
2023-03-04,29,WH_WEST,238
2023-03-04,30,WH_WEST,285
2023-03-04,31,WH_WEST,144
2023-03-04,32,WH_NORTH,135
2023-03-04,33,WH_SOUTH,11
2023-03-04,34,WH_WEST,215
2023-03-04,35,WH_WEST,181
2023-03-04,36,WH_NORTH,157
2023-03-04,37,WH_WEST,179
2023-03-04,38,WH_SOUTH,152
2023-03-04,39,WH_NORTH,38
2023-03-04,40,WH_EAST,386
2023-03-04,41,WH_WEST,392
2023-03-04,42,WH_SOUTH,333
2023-03-04,43,WH_SOUTH,30
2023-03-04,44,WH_NORTH,403
2023-03-04,45,WH_NORTH,329
2023-03-04,46,WH_NORTH,292
2023-03-04,47,WH_EAST,378
2023-03-04,48,WH_NORTH,407
2023-03-04,49,WH_WEST,190
2023-03-04,50,WH_WEST,182
2023-03-07,1,WH_SOUTH,123
2023-03-07,2,WH_EAST,369
2023-03-07,3,WH_EAST,175
2023-03-07,4,WH_SOUTH,268
2023-03-07,5,WH_EAST,335
2023-03-07,6,WH_WEST,187
2023-03-07,7,WH_SOUTH,175
2023-03-07,8,WH_SOUTH,467
2023-03-07,9,WH_SOUTH,442
2023-03-07,10,WH_SOUTH,482
2023-03-07,11,WH_WEST,220
2023-03-07,12,WH_NORTH,323
2023-03-07,13,WH_NORTH,441
2023-03-07,14,WH_NORTH,133
2023-03-07,15,WH_WEST,14
2023-03-07,16,WH_NORTH,35
2023-03-07,17,WH_NORTH,376
2023-03-07,18,WH_SOUTH,417
2023-03-07,19,WH_EAST,299
2023-03-07,20,WH_EAST,422
2023-03-07,21,WH_WEST,39
2023-03-07,22,WH_NORTH,307
2023-03-07,23,WH_WEST,426
2023-03-07,24,WH_EAST,41
2023-03-07,25,WH_NORTH,280
2023-03-07,26,WH_NORTH,349
2023-03-07,27,WH_EAST,257
2023-03-07,28,WH_SOUTH,383
2023-03-07,29,WH_WEST,403
2023-03-07,30,WH_EAST,205
2023-03-07,31,WH_WEST,39
2023-03-07,32,WH_EAST,373
2023-03-07,33,WH_EAST,240
2023-03-07,34,WH_WEST,217
2023-03-07,35,WH_NORTH,261
2023-03-07,36,WH_WEST,261
2023-03-07,37,WH_WEST,342
2023-03-07,38,WH_NORTH,143
2023-03-07,39,WH_WEST,375
2023-03-07,40,WH_WEST,204
2023-03-07,41,WH_WEST,280
2023-03-07,42,WH_SOUTH,362
2023-03-07,43,WH_NORTH,379
2023-03-07,44,WH_EAST,364
2023-03-07,45,WH_SOUTH,188
2023-03-07,46,WH_WEST,175
2023-03-07,47,WH_EAST,8
2023-03-07,48,WH_NORTH,141
2023-03-07,49,WH_SOUTH,359
2023-03-07,50,WH_SOUTH,354
2023-03-10,1,WH_SOUTH,1
2023-03-10,2,WH_SOUTH,294
2023-03-10,3,WH_SOUTH,254
2023-03-10,4,WH_WEST,465
2023-03-10,5,WH_EAST,437
2023-03-10,6,WH_NORTH,161
2023-03-10,7,WH_EAST,429
2023-03-10,8,WH_WEST,348
2023-03-10,9,WH_SOUTH,319
2023-03-10,10,WH_WEST,89
2023-03-10,11,WH_SOUTH,34
2023-03-10,12,WH_EAST,28
2023-03-10,13,WH_EAST,34
2023-03-10,14,WH_SOUTH,448
2023-03-10,15,WH_NORTH,272
2023-03-10,16,WH_WEST,192
2023-03-10,17,WH_NORTH,157
2023-03-10,18,WH_WEST,157
2023-03-10,19,WH_WEST,444
2023-03-10,20,WH_SOUTH,109
2023-03-10,21,WH_NORTH,129
2023-03-10,22,WH_WEST,375
2023-03-10,23,WH_EAST,85
2023-03-10,24,WH_EAST,233
2023-03-10,25,WH_EAST,442
2023-03-10,26,WH_EAST,423
2023-03-10,27,WH_SOUTH,1
2023-03-10,28,WH_SOUTH,167
2023-03-10,29,WH_EAST,144
2023-03-10,30,WH_NORTH,8
2023-03-10,31,WH_SOUTH,469
2023-03-10,32,WH_SOUTH,400
2023-03-10,33,WH_WEST,330
2023-03-10,34,WH_SOUTH,429
2023-03-10,35,WH_EAST,42
2023-03-10,36,WH_WEST,211
2023-03-10,37,WH_EAST,473
2023-03-10,38,WH_WEST,245
2023-03-10,39,WH_EAST,48
2023-03-10,40,WH_SOUTH,46
2023-03-10,41,WH_SOUTH,470
2023-03-10,42,WH_EAST,39
2023-03-10,43,WH_SOUTH,4
2023-03-10,44,WH_SOUTH,181
2023-03-10,45,WH_EAST,100
2023-03-10,46,WH_EAST,461
2023-03-10,47,WH_WEST,395
2023-03-10,48,WH_EAST,273
2023-03-10,49,WH_NORTH,178
2023-03-10,50,WH_SOUTH,486
2023-03-13,1,WH_EAST,326
2023-03-13,2,WH_SOUTH,355
2023-03-13,3,WH_NORTH,250
2023-03-13,4,WH_EAST,175
2023-03-13,5,WH_NORTH,414
2023-03-13,6,WH_EAST,361
2023-03-13,7,WH_NORTH,469
2023-03-13,8,WH_SOUTH,497
2023-03-13,9,WH_WEST,169
2023-03-13,10,WH_EAST,413
2023-03-13,11,WH_NORTH,192
2023-03-13,12,WH_WEST,176
2023-03-13,13,WH_SOUTH,110
2023-03-13,14,WH_SOUTH,482
2023-03-13,15,WH_NORTH,300
2023-03-13,16,WH_SOUTH,159
2023-03-13,17,WH_NORTH,280
2023-03-13,18,WH_NORTH,374
2023-03-13,19,WH_NORTH,100
2023-03-13,20,WH_NORTH,419
2023-03-13,21,WH_EAST,443
2023-03-13,22,WH_WEST,96
2023-03-13,23,WH_EAST,65
2023-03-13,24,WH_SOUTH,159
2023-03-13,25,WH_SOUTH,52
2023-03-13,26,WH_EAST,294
2023-03-13,27,WH_WEST,381
2023-03-13,28,WH_SOUTH,500
2023-03-13,29,WH_NORTH,430
2023-03-13,30,WH_NORTH,88
2023-03-13,31,WH_NORTH,263
2023-03-13,32,WH_EAST,79
2023-03-13,33,WH_WEST,463
2023-03-13,34,WH_SOUTH,151
2023-03-13,35,WH_NORTH,44
2023-03-13,36,WH_EAST,370
2023-03-13,37,WH_WEST,45
2023-03-13,38,WH_SOUTH,127
2023-03-13,39,WH_NORTH,170
2023-03-13,40,WH_EAST,185
2023-03-13,41,WH_SOUTH,434
2023-03-13,42,WH_NORTH,487
2023-03-13,43,WH_NORTH,164
2023-03-13,44,WH_SOUTH,19
2023-03-13,45,WH_SOUTH,30
2023-03-13,46,WH_EAST,151
2023-03-13,47,WH_NORTH,230
2023-03-13,48,WH_WEST,272
2023-03-13,49,WH_NORTH,343
2023-03-13,50,WH_NORTH,457
2023-03-16,1,WH_NORTH,315
2023-03-16,2,WH_WEST,184
2023-03-16,3,WH_EAST,339
2023-03-16,4,WH_EAST,163
2023-03-16,5,WH_WEST,208
2023-03-16,6,WH_WEST,121
2023-03-16,7,WH_EAST,166
2023-03-16,8,WH_EAST,61
2023-03-16,9,WH_SOUTH,305
2023-03-16,10,WH_NORTH,72
2023-03-16,11,WH_WEST,480
2023-03-16,12,WH_EAST,174
2023-03-16,13,WH_SOUTH,28
2023-03-16,14,WH_WEST,157
2023-03-16,15,WH_NORTH,478
2023-03-16,16,WH_NORTH,11
2023-03-16,17,WH_WEST,497
2023-03-16,18,WH_NORTH,469
2023-03-16,19,WH_WEST,328
2023-03-16,20,WH_WEST,353
2023-03-16,21,WH_NORTH,8
2023-03-16,22,WH_NORTH,458
2023-03-16,23,WH_SOUTH,81
2023-03-16,24,WH_EAST,68
2023-03-16,25,WH_NORTH,207
2023-03-16,26,WH_SOUTH,213
2023-03-16,27,WH_SOUTH,77
2023-03-16,28,WH_NORTH,324
2023-03-16,29,WH_WEST,182
2023-03-16,30,WH_WEST,87
2023-03-16,31,WH_WEST,427
2023-03-16,32,WH_WEST,488
2023-03-16,33,WH_SOUTH,15
2023-03-16,34,WH_SOUTH,323
2023-03-16,35,WH_EAST,254
2023-03-16,36,WH_NORTH,381
2023-03-16,37,WH_NORTH,5
2023-03-16,38,WH_EAST,291
2023-03-16,39,WH_SOUTH,71
2023-03-16,40,WH_EAST,252
2023-03-16,41,WH_SOUTH,389
2023-03-16,42,WH_SOUTH,282
2023-03-16,43,WH_WEST,25
2023-03-16,44,WH_SOUTH,80
2023-03-16,45,WH_SOUTH,15
2023-03-16,46,WH_NORTH,491
2023-03-16,47,WH_WEST,467
2023-03-16,48,WH_EAST,286
2023-03-16,49,WH_EAST,315
2023-03-16,50,WH_WEST,376
2023-03-19,1,WH_SOUTH,130
2023-03-19,2,WH_SOUTH,284
2023-03-19,3,WH_WEST,480
2023-03-19,4,WH_NORTH,74
2023-03-19,5,WH_EAST,45
2023-03-19,6,WH_EAST,171
2023-03-19,7,WH_SOUTH,461
2023-03-19,8,WH_NORTH,169
2023-03-19,9,WH_NORTH,361
2023-03-19,10,WH_SOUTH,467
2023-03-19,11,WH_WEST,8
2023-03-19,12,WH_WEST,22
2023-03-19,13,WH_EAST,282
2023-03-19,14,WH_NORTH,88
2023-03-19,15,WH_SOUTH,134
2023-03-19,16,WH_NORTH,214
2023-03-19,17,WH_EAST,433
2023-03-19,18,WH_EAST,453
2023-03-19,19,WH_WEST,134
2023-03-19,20,WH_WEST,488
2023-03-19,21,WH_WEST,354
2023-03-19,22,WH_EAST,21
2023-03-19,23,WH_NORTH,131
2023-03-19,24,WH_NORTH,324
2023-03-19,25,WH_EAST,223
2023-03-19,26,WH_WEST,493
2023-03-19,27,WH_EAST,104
2023-03-19,28,WH_NORTH,48
2023-03-19,29,WH_WEST,168
2023-03-19,30,WH_EAST,220
2023-03-19,31,WH_SOUTH,112
2023-03-19,32,WH_WEST,271
2023-03-19,33,WH_WEST,372
2023-03-19,34,WH_WEST,177
2023-03-19,35,WH_WEST,356
2023-03-19,36,WH_SOUTH,37
2023-03-19,37,WH_SOUTH,199
2023-03-19,38,WH_NORTH,213
2023-03-19,39,WH_SOUTH,453
2023-03-19,40,WH_SOUTH,431
2023-03-19,41,WH_NORTH,452
2023-03-19,42,WH_NORTH,50
2023-03-19,43,WH_SOUTH,284
2023-03-19,44,WH_WEST,4
2023-03-19,45,WH_EAST,246
2023-03-19,46,WH_EAST,340
2023-03-19,47,WH_WEST,462
2023-03-19,48,WH_NORTH,385
2023-03-19,49,WH_NORTH,109
2023-03-19,50,WH_NORTH,106
2023-03-22,1,WH_EAST,62
2023-03-22,2,WH_EAST,438
2023-03-22,3,WH_EAST,373
2023-03-22,4,WH_SOUTH,286
2023-03-22,5,WH_SOUTH,486
2023-03-22,6,WH_EAST,157
2023-03-22,7,WH_NORTH,301
2023-03-22,8,WH_NORTH,132
2023-03-22,9,WH_WEST,414
2023-03-22,10,WH_NORTH,490
2023-03-22,11,WH_EAST,119
2023-03-22,12,WH_EAST,225
2023-03-22,13,WH_SOUTH,287
2023-03-22,14,WH_SOUTH,301
2023-03-22,15,WH_EAST,451
2023-03-22,16,WH_NORTH,490
2023-03-22,17,WH_WEST,242
2023-03-22,18,WH_SOUTH,327
2023-03-22,19,WH_NORTH,419
2023-03-22,20,WH_EAST,373
2023-03-22,21,WH_SOUTH,64
2023-03-22,22,WH_WEST,252
2023-03-22,23,WH_NORTH,413
2023-03-22,24,WH_EAST,442
2023-03-22,25,WH_WEST,417
2023-03-22,26,WH_WEST,427
2023-03-22,27,WH_EAST,194
2023-03-22,28,WH_SOUTH,303
2023-03-22,29,WH_SOUTH,188
2023-03-22,30,WH_SOUTH,446
2023-03-22,31,WH_SOUTH,269
2023-03-22,32,WH_SOUTH,367
2023-03-22,33,WH_NORTH,389
2023-03-22,34,WH_NORTH,269
2023-03-22,35,WH_SOUTH,78
2023-03-22,36,WH_SOUTH,191
2023-03-22,37,WH_SOUTH,21
2023-03-22,38,WH_WEST,459
2023-03-22,39,WH_EAST,218
2023-03-22,40,WH_EAST,348
2023-03-22,41,WH_WEST,248
2023-03-22,42,WH_WEST,327
2023-03-22,43,WH_WEST,257
2023-03-22,44,WH_NORTH,312
2023-03-22,45,WH_WEST,142
2023-03-22,46,WH_EAST,410
2023-03-22,47,WH_SOUTH,245
2023-03-22,48,WH_EAST,375
2023-03-22,49,WH_EAST,294
2023-03-22,50,WH_EAST,425
2023-03-25,1,WH_WEST,171
2023-03-25,2,WH_SOUTH,40
2023-03-25,3,WH_SOUTH,182
2023-03-25,4,WH_SOUTH,41
2023-03-25,5,WH_WEST,165
2023-03-25,6,WH_EAST,350
2023-03-25,7,WH_EAST,307
2023-03-25,8,WH_SOUTH,472
2023-03-25,9,WH_WEST,140
2023-03-25,10,WH_WEST,494
2023-03-25,11,WH_EAST,44
2023-03-25,12,WH_NORTH,361
2023-03-25,13,WH_EAST,497
2023-03-25,14,WH_WEST,350
2023-03-25,15,WH_SOUTH,219
2023-03-25,16,WH_WEST,165
2023-03-25,17,WH_NORTH,429
2023-03-25,18,WH_NORTH,404
2023-03-25,19,WH_WEST,217
2023-03-25,20,WH_EAST,171
2023-03-25,21,WH_SOUTH,137
2023-03-25,22,WH_WEST,182
2023-03-25,23,WH_EAST,36
2023-03-25,24,WH_EAST,398
2023-03-25,25,WH_WEST,159
2023-03-25,26,WH_NORTH,313
2023-03-25,27,WH_WEST,225
2023-03-25,28,WH_WEST,121
2023-03-25,29,WH_NORTH,467
2023-03-25,30,WH_NORTH,289
2023-03-25,31,WH_SOUTH,179
2023-03-25,32,WH_SOUTH,31
2023-03-25,33,WH_NORTH,202
2023-03-25,34,WH_SOUTH,428
2023-03-25,35,WH_NORTH,43
2023-03-25,36,WH_EAST,294
2023-03-25,37,WH_WEST,333
2023-03-25,38,WH_SOUTH,88
2023-03-25,39,WH_EAST,74
2023-03-25,40,WH_SOUTH,268
2023-03-25,41,WH_EAST,388
2023-03-25,42,WH_SOUTH,156
2023-03-25,43,WH_SOUTH,245
2023-03-25,44,WH_WEST,210
2023-03-25,45,WH_NORTH,290
2023-03-25,46,WH_EAST,223
2023-03-25,47,WH_NORTH,488
2023-03-25,48,WH_NORTH,411
2023-03-25,49,WH_NORTH,140
2023-03-25,50,WH_NORTH,406
2023-03-28,1,WH_SOUTH,100
2023-03-28,2,WH_EAST,283
2023-03-28,3,WH_NORTH,36
2023-03-28,4,WH_EAST,445
2023-03-28,5,WH_SOUTH,224
2023-03-28,6,WH_SOUTH,191
2023-03-28,7,WH_WEST,204
2023-03-28,8,WH_WEST,53
2023-03-28,9,WH_EAST,167
2023-03-28,10,WH_EAST,139
2023-03-28,11,WH_WEST,450
2023-03-28,12,WH_NORTH,176
2023-03-28,13,WH_SOUTH,299
2023-03-28,14,WH_SOUTH,456
2023-03-28,15,WH_WEST,20
2023-03-28,16,WH_WEST,248
2023-03-28,17,WH_EAST,476
2023-03-28,18,WH_WEST,324
2023-03-28,19,WH_SOUTH,253
2023-03-28,20,WH_SOUTH,24
2023-03-28,21,WH_EAST,383
2023-03-28,22,WH_SOUTH,202
2023-03-28,23,WH_EAST,319
2023-03-28,24,WH_NORTH,54
2023-03-28,25,WH_SOUTH,363
2023-03-28,26,WH_EAST,209
2023-03-28,27,WH_WEST,378
2023-03-28,28,WH_SOUTH,411
2023-03-28,29,WH_EAST,377
2023-03-28,30,WH_NORTH,87
2023-03-28,31,WH_NORTH,450
2023-03-28,32,WH_EAST,496
2023-03-28,33,WH_EAST,369
2023-03-28,34,WH_SOUTH,285
2023-03-28,35,WH_SOUTH,440
2023-03-28,36,WH_NORTH,344
2023-03-28,37,WH_WEST,232
2023-03-28,38,WH_EAST,447
2023-03-28,39,WH_EAST,281
2023-03-28,40,WH_SOUTH,45
2023-03-28,41,WH_SOUTH,197
2023-03-28,42,WH_SOUTH,213
2023-03-28,43,WH_EAST,111
2023-03-28,44,WH_EAST,203
2023-03-28,45,WH_WEST,328
2023-03-28,46,WH_EAST,147
2023-03-28,47,WH_WEST,1
2023-03-28,48,WH_WEST,287
2023-03-28,49,WH_NORTH,425
2023-03-28,50,WH_WEST,425
2023-03-31,1,WH_EAST,42
2023-03-31,2,WH_NORTH,310
2023-03-31,3,WH_NORTH,233
2023-03-31,4,WH_WEST,191
2023-03-31,5,WH_EAST,35
2023-03-31,6,WH_SOUTH,293
2023-03-31,7,WH_EAST,153
2023-03-31,8,WH_NORTH,406
2023-03-31,9,WH_EAST,309
2023-03-31,10,WH_SOUTH,173
2023-03-31,11,WH_SOUTH,344
2023-03-31,12,WH_NORTH,219
2023-03-31,13,WH_EAST,317
2023-03-31,14,WH_SOUTH,266
2023-03-31,15,WH_SOUTH,264
2023-03-31,16,WH_EAST,339
2023-03-31,17,WH_WEST,139
2023-03-31,18,WH_WEST,227
2023-03-31,19,WH_WEST,179
2023-03-31,20,WH_WEST,399
2023-03-31,21,WH_EAST,298
2023-03-31,22,WH_NORTH,246
2023-03-31,23,WH_NORTH,185
2023-03-31,24,WH_EAST,155
2023-03-31,25,WH_EAST,332
2023-03-31,26,WH_SOUTH,326
2023-03-31,27,WH_EAST,113
2023-03-31,28,WH_WEST,274
2023-03-31,29,WH_WEST,336
2023-03-31,30,WH_WEST,52
2023-03-31,31,WH_EAST,440
2023-03-31,32,WH_WEST,409
2023-03-31,33,WH_SOUTH,486
2023-03-31,34,WH_SOUTH,371
2023-03-31,35,WH_NORTH,424
2023-03-31,36,WH_EAST,393
2023-03-31,37,WH_NORTH,249
2023-03-31,38,WH_WEST,484
2023-03-31,39,WH_SOUTH,152
2023-03-31,40,WH_NORTH,177
2023-03-31,41,WH_SOUTH,184
2023-03-31,42,WH_WEST,238
2023-03-31,43,WH_NORTH,26
2023-03-31,44,WH_NORTH,56
2023-03-31,45,WH_NORTH,486
2023-03-31,46,WH_EAST,329
2023-03-31,47,WH_EAST,236
2023-03-31,48,WH_WEST,439
2023-03-31,49,WH_SOUTH,392
2023-03-31,50,WH_EAST,314
2023-04-03,1,WH_EAST,123
2023-04-03,2,WH_NORTH,419
2023-04-03,3,WH_EAST,355
2023-04-03,4,WH_WEST,68
2023-04-03,5,WH_SOUTH,180
2023-04-03,6,WH_EAST,239
2023-04-03,7,WH_EAST,205
2023-04-03,8,WH_EAST,53
2023-04-03,9,WH_SOUTH,175
2023-04-03,10,WH_EAST,331
2023-04-03,11,WH_WEST,158
2023-04-03,12,WH_NORTH,201
2023-04-03,13,WH_EAST,448
2023-04-03,14,WH_EAST,239
2023-04-03,15,WH_SOUTH,317
2023-04-03,16,WH_EAST,77
2023-04-03,17,WH_SOUTH,440
2023-04-03,18,WH_SOUTH,274
2023-04-03,19,WH_EAST,494
2023-04-03,20,WH_EAST,178
2023-04-03,21,WH_NORTH,427
2023-04-03,22,WH_EAST,248
2023-04-03,23,WH_EAST,426
2023-04-03,24,WH_WEST,185
2023-04-03,25,WH_NORTH,334
2023-04-03,26,WH_WEST,206
2023-04-03,27,WH_NORTH,79
2023-04-03,28,WH_EAST,321
2023-04-03,29,WH_NORTH,397
2023-04-03,30,WH_SOUTH,210
2023-04-03,31,WH_SOUTH,122
2023-04-03,32,WH_SOUTH,379
2023-04-03,33,WH_EAST,227
2023-04-03,34,WH_NORTH,153
2023-04-03,35,WH_NORTH,238
2023-04-03,36,WH_NORTH,128
2023-04-03,37,WH_WEST,413
2023-04-03,38,WH_WEST,324
2023-04-03,39,WH_NORTH,130
2023-04-03,40,WH_WEST,342
2023-04-03,41,WH_WEST,368
2023-04-03,42,WH_SOUTH,498
2023-04-03,43,WH_EAST,63
2023-04-03,44,WH_EAST,365
2023-04-03,45,WH_EAST,292
2023-04-03,46,WH_EAST,21
2023-04-03,47,WH_SOUTH,255
2023-04-03,48,WH_EAST,190
2023-04-03,49,WH_WEST,18
2023-04-03,50,WH_NORTH,236
2023-04-06,1,WH_NORTH,97
2023-04-06,2,WH_WEST,51
2023-04-06,3,WH_NORTH,39
2023-04-06,4,WH_WEST,178
2023-04-06,5,WH_NORTH,337
2023-04-06,6,WH_NORTH,388
2023-04-06,7,WH_NORTH,224
2023-04-06,8,WH_NORTH,481
2023-04-06,9,WH_WEST,235
2023-04-06,10,WH_EAST,294
2023-04-06,11,WH_NORTH,250
2023-04-06,12,WH_WEST,358
2023-04-06,13,WH_SOUTH,483
2023-04-06,14,WH_EAST,160
2023-04-06,15,WH_NORTH,203
2023-04-06,16,WH_SOUTH,56
2023-04-06,17,WH_EAST,296
2023-04-06,18,WH_SOUTH,340
2023-04-06,19,WH_WEST,227
2023-04-06,20,WH_WEST,346
2023-04-06,21,WH_SOUTH,180
2023-04-06,22,WH_SOUTH,404
2023-04-06,23,WH_WEST,249
2023-04-06,24,WH_SOUTH,188
2023-04-06,25,WH_EAST,360
2023-04-06,26,WH_WEST,23
2023-04-06,27,WH_WEST,29
2023-04-06,28,WH_WEST,65
2023-04-06,29,WH_SOUTH,273
2023-04-06,30,WH_SOUTH,138
2023-04-06,31,WH_NORTH,495
2023-04-06,32,WH_SOUTH,118
2023-04-06,33,WH_EAST,419
2023-04-06,34,WH_NORTH,385
2023-04-06,35,WH_SOUTH,313
2023-04-06,36,WH_NORTH,38
2023-04-06,37,WH_EAST,97
2023-04-06,38,WH_NORTH,309
2023-04-06,39,WH_WEST,466
2023-04-06,40,WH_EAST,84
2023-04-06,41,WH_WEST,325
2023-04-06,42,WH_EAST,499
2023-04-06,43,WH_SOUTH,221
2023-04-06,44,WH_WEST,435
2023-04-06,45,WH_SOUTH,160
2023-04-06,46,WH_WEST,364
2023-04-06,47,WH_WEST,226
2023-04-06,48,WH_NORTH,486
2023-04-06,49,WH_EAST,266
2023-04-06,50,WH_NORTH,100
2023-04-09,1,WH_NORTH,340
2023-04-09,2,WH_NORTH,468
2023-04-09,3,WH_WEST,344
2023-04-09,4,WH_SOUTH,411
2023-04-09,5,WH_EAST,396
2023-04-09,6,WH_WEST,431
2023-04-09,7,WH_EAST,287
2023-04-09,8,WH_SOUTH,199
2023-04-09,9,WH_NORTH,262
2023-04-09,10,WH_SOUTH,498
2023-04-09,11,WH_EAST,92
2023-04-09,12,WH_WEST,121
2023-04-09,13,WH_WEST,414
2023-04-09,14,WH_EAST,362
2023-04-09,15,WH_NORTH,72
2023-04-09,16,WH_WEST,219
2023-04-09,17,WH_NORTH,45
2023-04-09,18,WH_SOUTH,344
2023-04-09,19,WH_SOUTH,489
2023-04-09,20,WH_SOUTH,407
2023-04-09,21,WH_SOUTH,38
2023-04-09,22,WH_EAST,320
2023-04-09,23,WH_SOUTH,165
2023-04-09,24,WH_SOUTH,412
2023-04-09,25,WH_WEST,42
2023-04-09,26,WH_NORTH,299
2023-04-09,27,WH_WEST,404
2023-04-09,28,WH_SOUTH,431
2023-04-09,29,WH_EAST,414
2023-04-09,30,WH_EAST,201
2023-04-09,31,WH_EAST,231
2023-04-09,32,WH_EAST,322
2023-04-09,33,WH_EAST,193
2023-04-09,34,WH_EAST,358
2023-04-09,35,WH_SOUTH,92
2023-04-09,36,WH_EAST,351
2023-04-09,37,WH_EAST,143
2023-04-09,38,WH_EAST,473
2023-04-09,39,WH_NORTH,56
2023-04-09,40,WH_NORTH,408
2023-04-09,41,WH_EAST,43
2023-04-09,42,WH_SOUTH,195
2023-04-09,43,WH_WEST,96
2023-04-09,44,WH_NORTH,351
2023-04-09,45,WH_EAST,73
2023-04-09,46,WH_NORTH,105
2023-04-09,47,WH_NORTH,353
2023-04-09,48,WH_SOUTH,227
2023-04-09,49,WH_WEST,262
2023-04-09,50,WH_EAST,399
2023-04-12,1,WH_NORTH,274
2023-04-12,2,WH_EAST,441
2023-04-12,3,WH_WEST,480
2023-04-12,4,WH_NORTH,133
2023-04-12,5,WH_WEST,343
2023-04-12,6,WH_SOUTH,84
2023-04-12,7,WH_NORTH,484
2023-04-12,8,WH_NORTH,133
2023-04-12,9,WH_SOUTH,101
2023-04-12,10,WH_SOUTH,165
2023-04-12,11,WH_EAST,499
2023-04-12,12,WH_NORTH,460
2023-04-12,13,WH_NORTH,56
2023-04-12,14,WH_SOUTH,226
2023-04-12,15,WH_SOUTH,277
2023-04-12,16,WH_SOUTH,466
2023-04-12,17,WH_WEST,5
2023-04-12,18,WH_SOUTH,0
2023-04-12,19,WH_WEST,449
2023-04-12,20,WH_WEST,471
2023-04-12,21,WH_EAST,239
2023-04-12,22,WH_WEST,23
2023-04-12,23,WH_NORTH,215
2023-04-12,24,WH_WEST,222
2023-04-12,25,WH_NORTH,497
2023-04-12,26,WH_SOUTH,397
2023-04-12,27,WH_WEST,193
2023-04-12,28,WH_SOUTH,379
2023-04-12,29,WH_EAST,1
2023-04-12,30,WH_WEST,215
2023-04-12,31,WH_WEST,352
2023-04-12,32,WH_NORTH,325
2023-04-12,33,WH_WEST,94
2023-04-12,34,WH_NORTH,255
2023-04-12,35,WH_SOUTH,21
2023-04-12,36,WH_EAST,279
2023-04-12,37,WH_WEST,287
2023-04-12,38,WH_NORTH,336
2023-04-12,39,WH_EAST,52
2023-04-12,40,WH_WEST,416
2023-04-12,41,WH_SOUTH,22
2023-04-12,42,WH_SOUTH,453
2023-04-12,43,WH_SOUTH,198
2023-04-12,44,WH_EAST,335
2023-04-12,45,WH_EAST,407
2023-04-12,46,WH_WEST,131
2023-04-12,47,WH_WEST,239
2023-04-12,48,WH_EAST,55
2023-04-12,49,WH_NORTH,205
2023-04-12,50,WH_NORTH,165
2023-04-15,1,WH_SOUTH,311
2023-04-15,2,WH_NORTH,198
2023-04-15,3,WH_EAST,407
2023-04-15,4,WH_NORTH,494
2023-04-15,5,WH_WEST,330
2023-04-15,6,WH_NORTH,117
2023-04-15,7,WH_EAST,66
2023-04-15,8,WH_EAST,416
2023-04-15,9,WH_NORTH,361
2023-04-15,10,WH_WEST,349
2023-04-15,11,WH_NORTH,63
2023-04-15,12,WH_NORTH,377
2023-04-15,13,WH_EAST,286
2023-04-15,14,WH_NORTH,96
2023-04-15,15,WH_WEST,278
2023-04-15,16,WH_SOUTH,296
2023-04-15,17,WH_WEST,237
2023-04-15,18,WH_NORTH,236
2023-04-15,19,WH_EAST,89
2023-04-15,20,WH_NORTH,491
2023-04-15,21,WH_EAST,472
2023-04-15,22,WH_SOUTH,34
2023-04-15,23,WH_SOUTH,326
2023-04-15,24,WH_WEST,373
2023-04-15,25,WH_SOUTH,399
2023-04-15,26,WH_EAST,487
2023-04-15,27,WH_SOUTH,205
2023-04-15,28,WH_NORTH,71
2023-04-15,29,WH_SOUTH,57
2023-04-15,30,WH_WEST,292
2023-04-15,31,WH_NORTH,281
2023-04-15,32,WH_WEST,187
2023-04-15,33,WH_EAST,263
2023-04-15,34,WH_NORTH,72
2023-04-15,35,WH_SOUTH,101
2023-04-15,36,WH_EAST,279
2023-04-15,37,WH_SOUTH,387
2023-04-15,38,WH_EAST,98
2023-04-15,39,WH_NORTH,2
2023-04-15,40,WH_WEST,185
2023-04-15,41,WH_WEST,122
2023-04-15,42,WH_EAST,435
2023-04-15,43,WH_NORTH,245
2023-04-15,44,WH_EAST,173
2023-04-15,45,WH_EAST,193
2023-04-15,46,WH_SOUTH,395
2023-04-15,47,WH_EAST,62
2023-04-15,48,WH_NORTH,448
2023-04-15,49,WH_SOUTH,376
2023-04-15,50,WH_NORTH,155
2023-04-18,1,WH_NORTH,464
2023-04-18,2,WH_NORTH,77
2023-04-18,3,WH_SOUTH,96
2023-04-18,4,WH_NORTH,292
2023-04-18,5,WH_EAST,188
2023-04-18,6,WH_WEST,289
2023-04-18,7,WH_NORTH,477
2023-04-18,8,WH_SOUTH,173
2023-04-18,9,WH_WEST,51
2023-04-18,10,WH_WEST,475
2023-04-18,11,WH_WEST,41
2023-04-18,12,WH_WEST,358
2023-04-18,13,WH_NORTH,98
2023-04-18,14,WH_NORTH,176
2023-04-18,15,WH_WEST,256
2023-04-18,16,WH_WEST,464
2023-04-18,17,WH_NORTH,457
2023-04-18,18,WH_EAST,37
2023-04-18,19,WH_SOUTH,129
2023-04-18,20,WH_WEST,2
2023-04-18,21,WH_EAST,47
2023-04-18,22,WH_WEST,129
2023-04-18,23,WH_SOUTH,389
2023-04-18,24,WH_EAST,106
2023-04-18,25,WH_SOUTH,229
2023-04-18,26,WH_WEST,286
2023-04-18,27,WH_EAST,59
2023-04-18,28,WH_WEST,391
2023-04-18,29,WH_WEST,234
2023-04-18,30,WH_WEST,443
2023-04-18,31,WH_WEST,439
2023-04-18,32,WH_NORTH,4
2023-04-18,33,WH_WEST,143
2023-04-18,34,WH_SOUTH,158
2023-04-18,35,WH_EAST,482
2023-04-18,36,WH_WEST,346
2023-04-18,37,WH_SOUTH,431
2023-04-18,38,WH_NORTH,327
2023-04-18,39,WH_WEST,389
2023-04-18,40,WH_SOUTH,22
2023-04-18,41,WH_SOUTH,115
2023-04-18,42,WH_SOUTH,135
2023-04-18,43,WH_WEST,383
2023-04-18,44,WH_WEST,170
2023-04-18,45,WH_WEST,458
2023-04-18,46,WH_EAST,444
2023-04-18,47,WH_EAST,59
2023-04-18,48,WH_NORTH,154
2023-04-18,49,WH_EAST,459
2023-04-18,50,WH_NORTH,300
2023-04-21,1,WH_EAST,358
2023-04-21,2,WH_WEST,371
2023-04-21,3,WH_SOUTH,431
2023-04-21,4,WH_NORTH,277
2023-04-21,5,WH_NORTH,176
2023-04-21,6,WH_WEST,10
2023-04-21,7,WH_EAST,432
2023-04-21,8,WH_EAST,83
2023-04-21,9,WH_WEST,26
2023-04-21,10,WH_WEST,304
2023-04-21,11,WH_EAST,418
2023-04-21,12,WH_EAST,411
2023-04-21,13,WH_WEST,211
2023-04-21,14,WH_NORTH,53
2023-04-21,15,WH_NORTH,26
2023-04-21,16,WH_WEST,488
2023-04-21,17,WH_WEST,200
2023-04-21,18,WH_EAST,451
2023-04-21,19,WH_WEST,185
2023-04-21,20,WH_EAST,344
2023-04-21,21,WH_EAST,214
2023-04-21,22,WH_EAST,236
2023-04-21,23,WH_SOUTH,262
2023-04-21,24,WH_WEST,77
2023-04-21,25,WH_SOUTH,198
2023-04-21,26,WH_SOUTH,151
2023-04-21,27,WH_EAST,137
2023-04-21,28,WH_NORTH,388
2023-04-21,29,WH_SOUTH,296
2023-04-21,30,WH_NORTH,311
2023-04-21,31,WH_EAST,489
2023-04-21,32,WH_WEST,270
2023-04-21,33,WH_EAST,379
2023-04-21,34,WH_WEST,5
2023-04-21,35,WH_WEST,194
2023-04-21,36,WH_SOUTH,472
2023-04-21,37,WH_WEST,34
2023-04-21,38,WH_SOUTH,265
2023-04-21,39,WH_SOUTH,476
2023-04-21,40,WH_WEST,400
2023-04-21,41,WH_WEST,17
2023-04-21,42,WH_WEST,452
2023-04-21,43,WH_WEST,455
2023-04-21,44,WH_WEST,224
2023-04-21,45,WH_EAST,239
2023-04-21,46,WH_NORTH,387
2023-04-21,47,WH_SOUTH,291
2023-04-21,48,WH_WEST,73
2023-04-21,49,WH_WEST,114
2023-04-21,50,WH_WEST,239
2023-04-24,1,WH_SOUTH,450
2023-04-24,2,WH_WEST,35
2023-04-24,3,WH_NORTH,28
2023-04-24,4,WH_WEST,388
2023-04-24,5,WH_SOUTH,183
2023-04-24,6,WH_NORTH,66
2023-04-24,7,WH_WEST,88
2023-04-24,8,WH_SOUTH,338
2023-04-24,9,WH_NORTH,208
2023-04-24,10,WH_SOUTH,147
2023-04-24,11,WH_SOUTH,83
2023-04-24,12,WH_SOUTH,98
2023-04-24,13,WH_SOUTH,26
2023-04-24,14,WH_SOUTH,110
2023-04-24,15,WH_SOUTH,129
2023-04-24,16,WH_EAST,194
2023-04-24,17,WH_NORTH,403
2023-04-24,18,WH_WEST,416
2023-04-24,19,WH_NORTH,427
2023-04-24,20,WH_WEST,289
2023-04-24,21,WH_EAST,362
2023-04-24,22,WH_SOUTH,348
2023-04-24,23,WH_NORTH,204
2023-04-24,24,WH_EAST,335
2023-04-24,25,WH_SOUTH,97
2023-04-24,26,WH_EAST,224
2023-04-24,27,WH_WEST,165
2023-04-24,28,WH_SOUTH,306
2023-04-24,29,WH_EAST,46
2023-04-24,30,WH_SOUTH,258
2023-04-24,31,WH_EAST,124
2023-04-24,32,WH_WEST,366
2023-04-24,33,WH_NORTH,16
2023-04-24,34,WH_WEST,441
2023-04-24,35,WH_EAST,129
2023-04-24,36,WH_EAST,147
2023-04-24,37,WH_WEST,399
2023-04-24,38,WH_EAST,125
2023-04-24,39,WH_NORTH,59
2023-04-24,40,WH_NORTH,131
2023-04-24,41,WH_SOUTH,185
2023-04-24,42,WH_EAST,493
2023-04-24,43,WH_EAST,463
2023-04-24,44,WH_SOUTH,271
2023-04-24,45,WH_NORTH,165
2023-04-24,46,WH_SOUTH,498
2023-04-24,47,WH_WEST,210
2023-04-24,48,WH_EAST,496
2023-04-24,49,WH_SOUTH,186
2023-04-24,50,WH_EAST,409
2023-04-27,1,WH_NORTH,245
2023-04-27,2,WH_WEST,281
2023-04-27,3,WH_WEST,278
2023-04-27,4,WH_WEST,14
2023-04-27,5,WH_SOUTH,21
2023-04-27,6,WH_SOUTH,369
2023-04-27,7,WH_SOUTH,86
2023-04-27,8,WH_NORTH,127
2023-04-27,9,WH_NORTH,469
2023-04-27,10,WH_WEST,17
2023-04-27,11,WH_NORTH,318
2023-04-27,12,WH_EAST,286
2023-04-27,13,WH_WEST,493
2023-04-27,14,WH_WEST,472
2023-04-27,15,WH_SOUTH,487
2023-04-27,16,WH_SOUTH,276
2023-04-27,17,WH_WEST,289
2023-04-27,18,WH_WEST,81
2023-04-27,19,WH_WEST,103
2023-04-27,20,WH_NORTH,128
2023-04-27,21,WH_SOUTH,412
2023-04-27,22,WH_EAST,290
2023-04-27,23,WH_EAST,408
2023-04-27,24,WH_WEST,88
2023-04-27,25,WH_NORTH,242
2023-04-27,26,WH_WEST,158
2023-04-27,27,WH_EAST,58
2023-04-27,28,WH_WEST,4
2023-04-27,29,WH_SOUTH,99
2023-04-27,30,WH_SOUTH,277
2023-04-27,31,WH_NORTH,241
2023-04-27,32,WH_NORTH,9
2023-04-27,33,WH_EAST,40
2023-04-27,34,WH_NORTH,91
2023-04-27,35,WH_WEST,159
2023-04-27,36,WH_EAST,350
2023-04-27,37,WH_NORTH,76
2023-04-27,38,WH_NORTH,75
2023-04-27,39,WH_SOUTH,374
2023-04-27,40,WH_NORTH,42
2023-04-27,41,WH_WEST,184
2023-04-27,42,WH_EAST,187
2023-04-27,43,WH_EAST,34
2023-04-27,44,WH_WEST,141
2023-04-27,45,WH_WEST,317
2023-04-27,46,WH_SOUTH,337
2023-04-27,47,WH_NORTH,28
2023-04-27,48,WH_EAST,207
2023-04-27,49,WH_WEST,67
2023-04-27,50,WH_WEST,163
2023-04-30,1,WH_NORTH,399
2023-04-30,2,WH_NORTH,182
2023-04-30,3,WH_SOUTH,207
2023-04-30,4,WH_WEST,129
2023-04-30,5,WH_EAST,87
2023-04-30,6,WH_NORTH,117
2023-04-30,7,WH_WEST,28
2023-04-30,8,WH_WEST,273
2023-04-30,9,WH_EAST,149
2023-04-30,10,WH_SOUTH,103
2023-04-30,11,WH_NORTH,293
2023-04-30,12,WH_EAST,259
2023-04-30,13,WH_WEST,72
2023-04-30,14,WH_SOUTH,352
2023-04-30,15,WH_SOUTH,203
2023-04-30,16,WH_NORTH,218
2023-04-30,17,WH_NORTH,407
2023-04-30,18,WH_NORTH,442
2023-04-30,19,WH_EAST,171
2023-04-30,20,WH_WEST,500
2023-04-30,21,WH_SOUTH,117
2023-04-30,22,WH_SOUTH,205
2023-04-30,23,WH_WEST,38
2023-04-30,24,WH_EAST,379
2023-04-30,25,WH_EAST,256
2023-04-30,26,WH_NORTH,317
2023-04-30,27,WH_WEST,3
2023-04-30,28,WH_NORTH,186
2023-04-30,29,WH_NORTH,369
2023-04-30,30,WH_NORTH,289
2023-04-30,31,WH_WEST,254
2023-04-30,32,WH_WEST,342
2023-04-30,33,WH_SOUTH,14
2023-04-30,34,WH_SOUTH,179
2023-04-30,35,WH_NORTH,292
2023-04-30,36,WH_SOUTH,23
2023-04-30,37,WH_NORTH,434
2023-04-30,38,WH_SOUTH,281
2023-04-30,39,WH_EAST,64
2023-04-30,40,WH_SOUTH,116
2023-04-30,41,WH_SOUTH,496
2023-04-30,42,WH_WEST,430
2023-04-30,43,WH_NORTH,425
2023-04-30,44,WH_EAST,294
2023-04-30,45,WH_SOUTH,386
2023-04-30,46,WH_WEST,299
2023-04-30,47,WH_EAST,258
2023-04-30,48,WH_SOUTH,303
2023-04-30,49,WH_NORTH,175
2023-04-30,50,WH_EAST,468
2023-05-03,1,WH_EAST,415
2023-05-03,2,WH_NORTH,39
2023-05-03,3,WH_WEST,431
2023-05-03,4,WH_SOUTH,410
2023-05-03,5,WH_WEST,42
2023-05-03,6,WH_EAST,307
2023-05-03,7,WH_SOUTH,498
2023-05-03,8,WH_NORTH,462
2023-05-03,9,WH_WEST,171
2023-05-03,10,WH_WEST,154
2023-05-03,11,WH_NORTH,405
2023-05-03,12,WH_EAST,468
2023-05-03,13,WH_SOUTH,153
2023-05-03,14,WH_WEST,423
2023-05-03,15,WH_SOUTH,298
2023-05-03,16,WH_WEST,81
2023-05-03,17,WH_WEST,66
2023-05-03,18,WH_EAST,307
2023-05-03,19,WH_NORTH,264
2023-05-03,20,WH_SOUTH,354
2023-05-03,21,WH_NORTH,91
2023-05-03,22,WH_EAST,334
2023-05-03,23,WH_WEST,372
2023-05-03,24,WH_WEST,120
2023-05-03,25,WH_WEST,362
2023-05-03,26,WH_WEST,245
2023-05-03,27,WH_SOUTH,451
2023-05-03,28,WH_EAST,152
2023-05-03,29,WH_SOUTH,325
2023-05-03,30,WH_EAST,101
2023-05-03,31,WH_EAST,440
2023-05-03,32,WH_EAST,318
2023-05-03,33,WH_WEST,265
2023-05-03,34,WH_WEST,84
2023-05-03,35,WH_WEST,185
2023-05-03,36,WH_WEST,56
2023-05-03,37,WH_EAST,462
2023-05-03,38,WH_WEST,385
2023-05-03,39,WH_EAST,114
2023-05-03,40,WH_NORTH,427
2023-05-03,41,WH_SOUTH,314
2023-05-03,42,WH_NORTH,390
2023-05-03,43,WH_SOUTH,138
2023-05-03,44,WH_NORTH,328
2023-05-03,45,WH_EAST,64
2023-05-03,46,WH_EAST,241
2023-05-03,47,WH_WEST,492
2023-05-03,48,WH_NORTH,320
2023-05-03,49,WH_NORTH,369
2023-05-03,50,WH_NORTH,290
2023-05-06,1,WH_EAST,4
2023-05-06,2,WH_NORTH,214
2023-05-06,3,WH_EAST,247
2023-05-06,4,WH_SOUTH,244
2023-05-06,5,WH_WEST,65
2023-05-06,6,WH_EAST,450
2023-05-06,7,WH_SOUTH,207
2023-05-06,8,WH_WEST,355
2023-05-06,9,WH_SOUTH,64
2023-05-06,10,WH_EAST,133
2023-05-06,11,WH_SOUTH,472
2023-05-06,12,WH_NORTH,113
2023-05-06,13,WH_WEST,400
2023-05-06,14,WH_SOUTH,27
2023-05-06,15,WH_NORTH,367
2023-05-06,16,WH_EAST,472
2023-05-06,17,WH_NORTH,467
2023-05-06,18,WH_NORTH,347
2023-05-06,19,WH_EAST,75
2023-05-06,20,WH_WEST,123
2023-05-06,21,WH_NORTH,483
2023-05-06,22,WH_NORTH,385
2023-05-06,23,WH_WEST,94
2023-05-06,24,WH_SOUTH,202
2023-05-06,25,WH_EAST,466
2023-05-06,26,WH_NORTH,132
2023-05-06,27,WH_WEST,491
2023-05-06,28,WH_EAST,215
2023-05-06,29,WH_NORTH,449
2023-05-06,30,WH_NORTH,324
2023-05-06,31,WH_NORTH,267
2023-05-06,32,WH_EAST,64
2023-05-06,33,WH_SOUTH,111
2023-05-06,34,WH_EAST,312
2023-05-06,35,WH_EAST,229
2023-05-06,36,WH_EAST,83
2023-05-06,37,WH_SOUTH,294
2023-05-06,38,WH_SOUTH,427
2023-05-06,39,WH_EAST,315
2023-05-06,40,WH_WEST,350
2023-05-06,41,WH_WEST,466
2023-05-06,42,WH_WEST,403
2023-05-06,43,WH_WEST,408
2023-05-06,44,WH_NORTH,180
2023-05-06,45,WH_SOUTH,441
2023-05-06,46,WH_NORTH,404
2023-05-06,47,WH_SOUTH,85
2023-05-06,48,WH_WEST,393
2023-05-06,49,WH_SOUTH,379
2023-05-06,50,WH_EAST,238
2023-05-09,1,WH_SOUTH,206
2023-05-09,2,WH_EAST,5
2023-05-09,3,WH_NORTH,368
2023-05-09,4,WH_SOUTH,73
2023-05-09,5,WH_NORTH,294
2023-05-09,6,WH_NORTH,360
2023-05-09,7,WH_NORTH,221
2023-05-09,8,WH_EAST,431
2023-05-09,9,WH_WEST,208
2023-05-09,10,WH_NORTH,442
2023-05-09,11,WH_EAST,154
2023-05-09,12,WH_SOUTH,231
2023-05-09,13,WH_WEST,127
2023-05-09,14,WH_EAST,162
2023-05-09,15,WH_EAST,337
2023-05-09,16,WH_NORTH,365
2023-05-09,17,WH_EAST,90
2023-05-09,18,WH_SOUTH,63
2023-05-09,19,WH_WEST,317
2023-05-09,20,WH_WEST,306
2023-05-09,21,WH_SOUTH,370
2023-05-09,22,WH_NORTH,376
2023-05-09,23,WH_WEST,226
2023-05-09,24,WH_EAST,415
2023-05-09,25,WH_EAST,484
2023-05-09,26,WH_SOUTH,318
2023-05-09,27,WH_SOUTH,156
2023-05-09,28,WH_SOUTH,350
2023-05-09,29,WH_WEST,300
2023-05-09,30,WH_NORTH,141
2023-05-09,31,WH_EAST,437
2023-05-09,32,WH_SOUTH,378
2023-05-09,33,WH_SOUTH,405
2023-05-09,34,WH_EAST,89
2023-05-09,35,WH_WEST,285
2023-05-09,36,WH_SOUTH,171
2023-05-09,37,WH_WEST,101
2023-05-09,38,WH_SOUTH,423
2023-05-09,39,WH_NORTH,456
2023-05-09,40,WH_SOUTH,126
2023-05-09,41,WH_NORTH,478
2023-05-09,42,WH_WEST,119
2023-05-09,43,WH_EAST,174
2023-05-09,44,WH_SOUTH,322
2023-05-09,45,WH_SOUTH,25
2023-05-09,46,WH_SOUTH,117
2023-05-09,47,WH_WEST,158
2023-05-09,48,WH_NORTH,432
2023-05-09,49,WH_SOUTH,78
2023-05-09,50,WH_EAST,388
2023-05-12,1,WH_WEST,477
2023-05-12,2,WH_EAST,11
2023-05-12,3,WH_EAST,97
2023-05-12,4,WH_WEST,80
2023-05-12,5,WH_NORTH,123
2023-05-12,6,WH_SOUTH,177
2023-05-12,7,WH_NORTH,165
2023-05-12,8,WH_NORTH,204
2023-05-12,9,WH_NORTH,64
2023-05-12,10,WH_SOUTH,420
2023-05-12,11,WH_SOUTH,167
2023-05-12,12,WH_NORTH,419
2023-05-12,13,WH_NORTH,249
2023-05-12,14,WH_NORTH,187
2023-05-12,15,WH_EAST,166
2023-05-12,16,WH_WEST,27
2023-05-12,17,WH_EAST,324
2023-05-12,18,WH_NORTH,139
2023-05-12,19,WH_SOUTH,77
2023-05-12,20,WH_EAST,484
2023-05-12,21,WH_EAST,201
2023-05-12,22,WH_EAST,36
2023-05-12,23,WH_NORTH,303
2023-05-12,24,WH_SOUTH,190
2023-05-12,25,WH_EAST,438
2023-05-12,26,WH_NORTH,67
2023-05-12,27,WH_EAST,119
2023-05-12,28,WH_NORTH,481
2023-05-12,29,WH_WEST,394
2023-05-12,30,WH_NORTH,300
2023-05-12,31,WH_NORTH,432
2023-05-12,32,WH_SOUTH,421
2023-05-12,33,WH_EAST,462
2023-05-12,34,WH_NORTH,178
2023-05-12,35,WH_SOUTH,373
2023-05-12,36,WH_EAST,312
2023-05-12,37,WH_EAST,476
2023-05-12,38,WH_NORTH,315
2023-05-12,39,WH_WEST,56
2023-05-12,40,WH_EAST,354
2023-05-12,41,WH_WEST,439
2023-05-12,42,WH_EAST,183
2023-05-12,43,WH_WEST,486
2023-05-12,44,WH_NORTH,457
2023-05-12,45,WH_WEST,221
2023-05-12,46,WH_SOUTH,88
2023-05-12,47,WH_SOUTH,142
2023-05-12,48,WH_WEST,125
2023-05-12,49,WH_NORTH,430
2023-05-12,50,WH_WEST,61
2023-05-15,1,WH_WEST,68
2023-05-15,2,WH_NORTH,343
2023-05-15,3,WH_EAST,456
2023-05-15,4,WH_WEST,121
2023-05-15,5,WH_EAST,67
2023-05-15,6,WH_NORTH,447
2023-05-15,7,WH_NORTH,234
2023-05-15,8,WH_WEST,481
2023-05-15,9,WH_NORTH,160
2023-05-15,10,WH_NORTH,148
2023-05-15,11,WH_SOUTH,28
2023-05-15,12,WH_EAST,310
2023-05-15,13,WH_WEST,256
2023-05-15,14,WH_EAST,341
2023-05-15,15,WH_WEST,304
2023-05-15,16,WH_WEST,235
2023-05-15,17,WH_NORTH,156
2023-05-15,18,WH_SOUTH,351
2023-05-15,19,WH_SOUTH,354
2023-05-15,20,WH_WEST,12
2023-05-15,21,WH_NORTH,381
2023-05-15,22,WH_NORTH,55
2023-05-15,23,WH_NORTH,40
2023-05-15,24,WH_EAST,391
2023-05-15,25,WH_WEST,375
2023-05-15,26,WH_NORTH,434
2023-05-15,27,WH_NORTH,375
2023-05-15,28,WH_SOUTH,307
2023-05-15,29,WH_SOUTH,248
2023-05-15,30,WH_NORTH,275
2023-05-15,31,WH_SOUTH,19
2023-05-15,32,WH_EAST,409
2023-05-15,33,WH_WEST,336
2023-05-15,34,WH_NORTH,197
2023-05-15,35,WH_SOUTH,284
2023-05-15,36,WH_NORTH,208
2023-05-15,37,WH_WEST,362
2023-05-15,38,WH_EAST,45
2023-05-15,39,WH_EAST,477
2023-05-15,40,WH_WEST,476
2023-05-15,41,WH_NORTH,179
2023-05-15,42,WH_NORTH,338
2023-05-15,43,WH_WEST,171
2023-05-15,44,WH_WEST,388
2023-05-15,45,WH_SOUTH,194
2023-05-15,46,WH_WEST,90
2023-05-15,47,WH_NORTH,6
2023-05-15,48,WH_WEST,486
2023-05-15,49,WH_SOUTH,365
2023-05-15,50,WH_WEST,80
2023-05-18,1,WH_NORTH,370
2023-05-18,2,WH_NORTH,344
2023-05-18,3,WH_EAST,229
2023-05-18,4,WH_SOUTH,323
2023-05-18,5,WH_SOUTH,234
2023-05-18,6,WH_SOUTH,180
2023-05-18,7,WH_WEST,144
2023-05-18,8,WH_NORTH,238
2023-05-18,9,WH_SOUTH,372
2023-05-18,10,WH_NORTH,491
2023-05-18,11,WH_SOUTH,25
2023-05-18,12,WH_WEST,309
2023-05-18,13,WH_WEST,487
2023-05-18,14,WH_EAST,52
2023-05-18,15,WH_EAST,177
2023-05-18,16,WH_EAST,311
2023-05-18,17,WH_SOUTH,210
2023-05-18,18,WH_WEST,456
2023-05-18,19,WH_NORTH,133
2023-05-18,20,WH_WEST,246
2023-05-18,21,WH_EAST,288
2023-05-18,22,WH_NORTH,483
2023-05-18,23,WH_WEST,194
2023-05-18,24,WH_WEST,230
2023-05-18,25,WH_EAST,35
2023-05-18,26,WH_EAST,390
2023-05-18,27,WH_WEST,457
2023-05-18,28,WH_NORTH,43
2023-05-18,29,WH_WEST,155
2023-05-18,30,WH_EAST,220
2023-05-18,31,WH_NORTH,179
2023-05-18,32,WH_EAST,420
2023-05-18,33,WH_WEST,106
2023-05-18,34,WH_EAST,127
2023-05-18,35,WH_NORTH,257
2023-05-18,36,WH_NORTH,469
2023-05-18,37,WH_WEST,107
2023-05-18,38,WH_SOUTH,8
2023-05-18,39,WH_NORTH,68
2023-05-18,40,WH_EAST,270
2023-05-18,41,WH_EAST,219
2023-05-18,42,WH_EAST,388
2023-05-18,43,WH_SOUTH,122
2023-05-18,44,WH_WEST,360
2023-05-18,45,WH_WEST,246
2023-05-18,46,WH_SOUTH,9
2023-05-18,47,WH_SOUTH,50
2023-05-18,48,WH_WEST,253
2023-05-18,49,WH_WEST,55
2023-05-18,50,WH_SOUTH,429
2023-05-21,1,WH_WEST,55
2023-05-21,2,WH_EAST,144
2023-05-21,3,WH_WEST,344
2023-05-21,4,WH_SOUTH,6
2023-05-21,5,WH_NORTH,73
2023-05-21,6,WH_EAST,340
2023-05-21,7,WH_NORTH,70
2023-05-21,8,WH_EAST,489
2023-05-21,9,WH_EAST,172
2023-05-21,10,WH_EAST,12
2023-05-21,11,WH_NORTH,175
2023-05-21,12,WH_EAST,302
2023-05-21,13,WH_NORTH,259
2023-05-21,14,WH_NORTH,340
2023-05-21,15,WH_SOUTH,290
2023-05-21,16,WH_WEST,205
2023-05-21,17,WH_WEST,121
2023-05-21,18,WH_WEST,69
2023-05-21,19,WH_EAST,193
2023-05-21,20,WH_NORTH,200
2023-05-21,21,WH_SOUTH,6
2023-05-21,22,WH_SOUTH,408
2023-05-21,23,WH_EAST,127
2023-05-21,24,WH_SOUTH,395
2023-05-21,25,WH_NORTH,14
2023-05-21,26,WH_NORTH,297
2023-05-21,27,WH_NORTH,149
2023-05-21,28,WH_SOUTH,160
2023-05-21,29,WH_SOUTH,314
2023-05-21,30,WH_EAST,316
2023-05-21,31,WH_SOUTH,9
2023-05-21,32,WH_WEST,354
2023-05-21,33,WH_EAST,54
2023-05-21,34,WH_WEST,290
2023-05-21,35,WH_WEST,160
2023-05-21,36,WH_EAST,211
2023-05-21,37,WH_WEST,78
2023-05-21,38,WH_WEST,354
2023-05-21,39,WH_SOUTH,183
2023-05-21,40,WH_NORTH,267
2023-05-21,41,WH_WEST,80
2023-05-21,42,WH_SOUTH,172
2023-05-21,43,WH_SOUTH,231
2023-05-21,44,WH_EAST,323
2023-05-21,45,WH_WEST,28
2023-05-21,46,WH_NORTH,84
2023-05-21,47,WH_SOUTH,127
2023-05-21,48,WH_NORTH,66
2023-05-21,49,WH_SOUTH,459
2023-05-21,50,WH_EAST,19
2023-05-24,1,WH_EAST,195
2023-05-24,2,WH_WEST,231
2023-05-24,3,WH_NORTH,94
2023-05-24,4,WH_EAST,40
2023-05-24,5,WH_EAST,265
2023-05-24,6,WH_NORTH,422
2023-05-24,7,WH_EAST,52
2023-05-24,8,WH_SOUTH,395
2023-05-24,9,WH_NORTH,172
2023-05-24,10,WH_NORTH,211
2023-05-24,11,WH_WEST,220
2023-05-24,12,WH_NORTH,363
2023-05-24,13,WH_NORTH,435
2023-05-24,14,WH_SOUTH,111
2023-05-24,15,WH_SOUTH,249
2023-05-24,16,WH_EAST,394
2023-05-24,17,WH_EAST,248
2023-05-24,18,WH_NORTH,298
2023-05-24,19,WH_WEST,409
2023-05-24,20,WH_SOUTH,213
2023-05-24,21,WH_NORTH,167
2023-05-24,22,WH_SOUTH,242
2023-05-24,23,WH_WEST,313
2023-05-24,24,WH_EAST,424
2023-05-24,25,WH_EAST,155
2023-05-24,26,WH_EAST,79
2023-05-24,27,WH_NORTH,74
2023-05-24,28,WH_SOUTH,409
2023-05-24,29,WH_EAST,355
2023-05-24,30,WH_SOUTH,128
2023-05-24,31,WH_WEST,97
2023-05-24,32,WH_NORTH,125
2023-05-24,33,WH_WEST,120
2023-05-24,34,WH_WEST,39
2023-05-24,35,WH_EAST,187
2023-05-24,36,WH_NORTH,115
2023-05-24,37,WH_NORTH,428
2023-05-24,38,WH_NORTH,467
2023-05-24,39,WH_NORTH,356
2023-05-24,40,WH_SOUTH,194
2023-05-24,41,WH_WEST,323
2023-05-24,42,WH_NORTH,471
2023-05-24,43,WH_EAST,403
2023-05-24,44,WH_NORTH,309
2023-05-24,45,WH_SOUTH,342
2023-05-24,46,WH_WEST,3
2023-05-24,47,WH_WEST,43
2023-05-24,48,WH_NORTH,135
2023-05-24,49,WH_WEST,476
2023-05-24,50,WH_NORTH,447
2023-05-27,1,WH_NORTH,425
2023-05-27,2,WH_NORTH,417
2023-05-27,3,WH_SOUTH,375
2023-05-27,4,WH_EAST,433
2023-05-27,5,WH_WEST,489
2023-05-27,6,WH_SOUTH,454
2023-05-27,7,WH_EAST,371
2023-05-27,8,WH_WEST,209
2023-05-27,9,WH_SOUTH,148
2023-05-27,10,WH_NORTH,496
2023-05-27,11,WH_NORTH,112
2023-05-27,12,WH_EAST,40
2023-05-27,13,WH_EAST,47
2023-05-27,14,WH_SOUTH,386
2023-05-27,15,WH_NORTH,264
2023-05-27,16,WH_NORTH,56
2023-05-27,17,WH_NORTH,159
2023-05-27,18,WH_NORTH,485
2023-05-27,19,WH_EAST,471
2023-05-27,20,WH_NORTH,357
2023-05-27,21,WH_SOUTH,80
2023-05-27,22,WH_EAST,325
2023-05-27,23,WH_NORTH,227
2023-05-27,24,WH_NORTH,158
2023-05-27,25,WH_EAST,230
2023-05-27,26,WH_NORTH,257
2023-05-27,27,WH_EAST,212
2023-05-27,28,WH_NORTH,293
2023-05-27,29,WH_EAST,405
2023-05-27,30,WH_NORTH,413
2023-05-27,31,WH_WEST,232
2023-05-27,32,WH_NORTH,151
2023-05-27,33,WH_WEST,269
2023-05-27,34,WH_SOUTH,35
2023-05-27,35,WH_NORTH,101
2023-05-27,36,WH_NORTH,134
2023-05-27,37,WH_EAST,390
2023-05-27,38,WH_WEST,139
2023-05-27,39,WH_EAST,242
2023-05-27,40,WH_SOUTH,484
2023-05-27,41,WH_SOUTH,234
2023-05-27,42,WH_EAST,338
2023-05-27,43,WH_WEST,307
2023-05-27,44,WH_EAST,404
2023-05-27,45,WH_NORTH,232
2023-05-27,46,WH_EAST,13
2023-05-27,47,WH_SOUTH,109
2023-05-27,48,WH_WEST,135
2023-05-27,49,WH_EAST,316
2023-05-27,50,WH_WEST,1
2023-05-30,1,WH_SOUTH,126
2023-05-30,2,WH_NORTH,362
2023-05-30,3,WH_SOUTH,201
2023-05-30,4,WH_EAST,45
2023-05-30,5,WH_SOUTH,417
2023-05-30,6,WH_WEST,493
2023-05-30,7,WH_EAST,36
2023-05-30,8,WH_NORTH,426
2023-05-30,9,WH_WEST,8
2023-05-30,10,WH_SOUTH,85
2023-05-30,11,WH_WEST,388
2023-05-30,12,WH_WEST,179
2023-05-30,13,WH_SOUTH,481
2023-05-30,14,WH_NORTH,359
2023-05-30,15,WH_NORTH,178
2023-05-30,16,WH_WEST,473
2023-05-30,17,WH_WEST,123
2023-05-30,18,WH_NORTH,350
2023-05-30,19,WH_NORTH,41
2023-05-30,20,WH_NORTH,273
2023-05-30,21,WH_WEST,329
2023-05-30,22,WH_EAST,151
2023-05-30,23,WH_WEST,402
2023-05-30,24,WH_NORTH,84
2023-05-30,25,WH_EAST,115
2023-05-30,26,WH_WEST,19
2023-05-30,27,WH_WEST,476
2023-05-30,28,WH_EAST,10
2023-05-30,29,WH_NORTH,143
2023-05-30,30,WH_WEST,148
2023-05-30,31,WH_WEST,237
2023-05-30,32,WH_EAST,448
2023-05-30,33,WH_WEST,396
2023-05-30,34,WH_EAST,260
2023-05-30,35,WH_EAST,264
2023-05-30,36,WH_NORTH,239
2023-05-30,37,WH_NORTH,459
2023-05-30,38,WH_SOUTH,207
2023-05-30,39,WH_NORTH,12
2023-05-30,40,WH_NORTH,471
2023-05-30,41,WH_WEST,408
2023-05-30,42,WH_WEST,2
2023-05-30,43,WH_NORTH,227
2023-05-30,44,WH_WEST,486
2023-05-30,45,WH_SOUTH,334
2023-05-30,46,WH_WEST,160
2023-05-30,47,WH_EAST,304
2023-05-30,48,WH_SOUTH,414
2023-05-30,49,WH_SOUTH,417
2023-05-30,50,WH_NORTH,227
2023-06-02,1,WH_NORTH,56
2023-06-02,2,WH_NORTH,226
2023-06-02,3,WH_NORTH,293
2023-06-02,4,WH_WEST,426
2023-06-02,5,WH_NORTH,18
2023-06-02,6,WH_EAST,315
2023-06-02,7,WH_NORTH,87
2023-06-02,8,WH_NORTH,137
2023-06-02,9,WH_EAST,150
2023-06-02,10,WH_NORTH,483
2023-06-02,11,WH_EAST,171
2023-06-02,12,WH_WEST,229
2023-06-02,13,WH_EAST,116
2023-06-02,14,WH_SOUTH,119
2023-06-02,15,WH_EAST,339
2023-06-02,16,WH_WEST,359
2023-06-02,17,WH_EAST,191
2023-06-02,18,WH_SOUTH,117
2023-06-02,19,WH_NORTH,245
2023-06-02,20,WH_NORTH,419
2023-06-02,21,WH_SOUTH,372
2023-06-02,22,WH_SOUTH,184
2023-06-02,23,WH_SOUTH,464
2023-06-02,24,WH_NORTH,448
2023-06-02,25,WH_NORTH,159
2023-06-02,26,WH_SOUTH,196
2023-06-02,27,WH_WEST,178
2023-06-02,28,WH_SOUTH,368
2023-06-02,29,WH_WEST,367
2023-06-02,30,WH_NORTH,490
2023-06-02,31,WH_WEST,331
2023-06-02,32,WH_WEST,120
2023-06-02,33,WH_NORTH,232
2023-06-02,34,WH_SOUTH,492
2023-06-02,35,WH_EAST,390
2023-06-02,36,WH_WEST,355
2023-06-02,37,WH_SOUTH,139
2023-06-02,38,WH_WEST,367
2023-06-02,39,WH_SOUTH,475
2023-06-02,40,WH_SOUTH,405
2023-06-02,41,WH_EAST,433
2023-06-02,42,WH_WEST,439
2023-06-02,43,WH_EAST,496
2023-06-02,44,WH_SOUTH,427
2023-06-02,45,WH_SOUTH,443
2023-06-02,46,WH_WEST,337
2023-06-02,47,WH_WEST,283
2023-06-02,48,WH_WEST,339
2023-06-02,49,WH_NORTH,133
2023-06-02,50,WH_NORTH,473
2023-06-05,1,WH_SOUTH,140
2023-06-05,2,WH_SOUTH,405
2023-06-05,3,WH_NORTH,458
2023-06-05,4,WH_WEST,469
2023-06-05,5,WH_WEST,225
2023-06-05,6,WH_NORTH,220
2023-06-05,7,WH_NORTH,187
2023-06-05,8,WH_EAST,286
2023-06-05,9,WH_NORTH,244
2023-06-05,10,WH_SOUTH,422
2023-06-05,11,WH_EAST,236
2023-06-05,12,WH_SOUTH,60
2023-06-05,13,WH_NORTH,198
2023-06-05,14,WH_SOUTH,173
2023-06-05,15,WH_NORTH,201
2023-06-05,16,WH_SOUTH,478
2023-06-05,17,WH_EAST,384
2023-06-05,18,WH_EAST,201
2023-06-05,19,WH_EAST,205
2023-06-05,20,WH_SOUTH,419
2023-06-05,21,WH_WEST,7
2023-06-05,22,WH_NORTH,480
2023-06-05,23,WH_EAST,339
2023-06-05,24,WH_EAST,184
2023-06-05,25,WH_WEST,2
2023-06-05,26,WH_SOUTH,306
2023-06-05,27,WH_SOUTH,128
2023-06-05,28,WH_SOUTH,243
2023-06-05,29,WH_NORTH,370
2023-06-05,30,WH_WEST,203
2023-06-05,31,WH_SOUTH,185
2023-06-05,32,WH_EAST,64
2023-06-05,33,WH_NORTH,168
2023-06-05,34,WH_NORTH,318
2023-06-05,35,WH_SOUTH,199
2023-06-05,36,WH_NORTH,3
2023-06-05,37,WH_NORTH,341
2023-06-05,38,WH_NORTH,401
2023-06-05,39,WH_NORTH,341
2023-06-05,40,WH_NORTH,42
2023-06-05,41,WH_EAST,217
2023-06-05,42,WH_NORTH,212
2023-06-05,43,WH_NORTH,433
2023-06-05,44,WH_WEST,98
2023-06-05,45,WH_EAST,403
2023-06-05,46,WH_EAST,495
2023-06-05,47,WH_NORTH,71
2023-06-05,48,WH_NORTH,437
2023-06-05,49,WH_SOUTH,0
2023-06-05,50,WH_NORTH,344
2023-06-08,1,WH_SOUTH,335
2023-06-08,2,WH_SOUTH,271
2023-06-08,3,WH_EAST,340
2023-06-08,4,WH_WEST,426
2023-06-08,5,WH_NORTH,391
2023-06-08,6,WH_WEST,244
2023-06-08,7,WH_SOUTH,100
2023-06-08,8,WH_SOUTH,37
2023-06-08,9,WH_NORTH,135
2023-06-08,10,WH_EAST,270
2023-06-08,11,WH_NORTH,252
2023-06-08,12,WH_WEST,485
2023-06-08,13,WH_SOUTH,321
2023-06-08,14,WH_WEST,438
2023-06-08,15,WH_EAST,496
2023-06-08,16,WH_EAST,371
2023-06-08,17,WH_WEST,35
2023-06-08,18,WH_SOUTH,64
2023-06-08,19,WH_NORTH,395
2023-06-08,20,WH_SOUTH,449
2023-06-08,21,WH_SOUTH,10
2023-06-08,22,WH_WEST,109
2023-06-08,23,WH_NORTH,269
2023-06-08,24,WH_WEST,420
2023-06-08,25,WH_EAST,62
2023-06-08,26,WH_WEST,196
2023-06-08,27,WH_NORTH,326
2023-06-08,28,WH_SOUTH,424
2023-06-08,29,WH_NORTH,79
2023-06-08,30,WH_SOUTH,211
2023-06-08,31,WH_EAST,391
2023-06-08,32,WH_NORTH,353
2023-06-08,33,WH_WEST,311
2023-06-08,34,WH_SOUTH,216
2023-06-08,35,WH_SOUTH,162
2023-06-08,36,WH_NORTH,211
2023-06-08,37,WH_WEST,222
2023-06-08,38,WH_EAST,7
2023-06-08,39,WH_SOUTH,75
2023-06-08,40,WH_SOUTH,400
2023-06-08,41,WH_NORTH,365
2023-06-08,42,WH_SOUTH,337
2023-06-08,43,WH_SOUTH,500
2023-06-08,44,WH_EAST,71
2023-06-08,45,WH_SOUTH,453
2023-06-08,46,WH_WEST,412
2023-06-08,47,WH_WEST,466
2023-06-08,48,WH_NORTH,89
2023-06-08,49,WH_WEST,454
2023-06-08,50,WH_SOUTH,236
2023-06-11,1,WH_EAST,309
2023-06-11,2,WH_EAST,432
2023-06-11,3,WH_SOUTH,479
2023-06-11,4,WH_SOUTH,160
2023-06-11,5,WH_SOUTH,464
2023-06-11,6,WH_WEST,389
2023-06-11,7,WH_EAST,132
2023-06-11,8,WH_EAST,350
2023-06-11,9,WH_EAST,389
2023-06-11,10,WH_SOUTH,410
2023-06-11,11,WH_WEST,392
2023-06-11,12,WH_WEST,259
2023-06-11,13,WH_NORTH,446
2023-06-11,14,WH_NORTH,38
2023-06-11,15,WH_EAST,400
2023-06-11,16,WH_SOUTH,113
2023-06-11,17,WH_NORTH,218
2023-06-11,18,WH_EAST,12
2023-06-11,19,WH_NORTH,164
2023-06-11,20,WH_WEST,245
2023-06-11,21,WH_NORTH,430
2023-06-11,22,WH_EAST,162
2023-06-11,23,WH_EAST,304
2023-06-11,24,WH_NORTH,394
2023-06-11,25,WH_WEST,357
2023-06-11,26,WH_SOUTH,399
2023-06-11,27,WH_WEST,271
2023-06-11,28,WH_WEST,475
2023-06-11,29,WH_NORTH,87
2023-06-11,30,WH_EAST,295
2023-06-11,31,WH_NORTH,352
2023-06-11,32,WH_SOUTH,8
2023-06-11,33,WH_EAST,488
2023-06-11,34,WH_WEST,488
2023-06-11,35,WH_SOUTH,239
2023-06-11,36,WH_SOUTH,59
2023-06-11,37,WH_WEST,91
2023-06-11,38,WH_WEST,202
2023-06-11,39,WH_NORTH,110
2023-06-11,40,WH_SOUTH,97
2023-06-11,41,WH_EAST,260
2023-06-11,42,WH_EAST,37
2023-06-11,43,WH_NORTH,89
2023-06-11,44,WH_EAST,176
2023-06-11,45,WH_WEST,239
2023-06-11,46,WH_SOUTH,369
2023-06-11,47,WH_WEST,496
2023-06-11,48,WH_SOUTH,308
2023-06-11,49,WH_EAST,500
2023-06-11,50,WH_WEST,436
2023-06-14,1,WH_EAST,390
2023-06-14,2,WH_EAST,34
2023-06-14,3,WH_SOUTH,130
2023-06-14,4,WH_WEST,137
2023-06-14,5,WH_NORTH,37
2023-06-14,6,WH_NORTH,245
2023-06-14,7,WH_SOUTH,200
2023-06-14,8,WH_WEST,6
2023-06-14,9,WH_SOUTH,363
2023-06-14,10,WH_WEST,75
2023-06-14,11,WH_EAST,201
2023-06-14,12,WH_WEST,441
2023-06-14,13,WH_WEST,53
2023-06-14,14,WH_NORTH,82
2023-06-14,15,WH_EAST,485
2023-06-14,16,WH_EAST,373
2023-06-14,17,WH_SOUTH,105
2023-06-14,18,WH_SOUTH,15
2023-06-14,19,WH_NORTH,278
2023-06-14,20,WH_NORTH,185
2023-06-14,21,WH_WEST,489
2023-06-14,22,WH_SOUTH,16
2023-06-14,23,WH_SOUTH,295
2023-06-14,24,WH_SOUTH,321
2023-06-14,25,WH_EAST,326
2023-06-14,26,WH_SOUTH,261
2023-06-14,27,WH_WEST,114
2023-06-14,28,WH_SOUTH,409
2023-06-14,29,WH_NORTH,20
2023-06-14,30,WH_WEST,349
2023-06-14,31,WH_SOUTH,42
2023-06-14,32,WH_SOUTH,325
2023-06-14,33,WH_WEST,117
2023-06-14,34,WH_WEST,180
2023-06-14,35,WH_EAST,278
2023-06-14,36,WH_EAST,76
2023-06-14,37,WH_SOUTH,1
2023-06-14,38,WH_WEST,68
2023-06-14,39,WH_NORTH,32
2023-06-14,40,WH_WEST,432
2023-06-14,41,WH_NORTH,281
2023-06-14,42,WH_EAST,70
2023-06-14,43,WH_WEST,129
2023-06-14,44,WH_NORTH,223
2023-06-14,45,WH_SOUTH,250
2023-06-14,46,WH_WEST,390
2023-06-14,47,WH_SOUTH,322
2023-06-14,48,WH_WEST,167
2023-06-14,49,WH_NORTH,80
2023-06-14,50,WH_EAST,180
2023-06-17,1,WH_EAST,46
2023-06-17,2,WH_NORTH,9
2023-06-17,3,WH_EAST,453
2023-06-17,4,WH_NORTH,16
2023-06-17,5,WH_NORTH,316
2023-06-17,6,WH_EAST,352
2023-06-17,7,WH_EAST,363
2023-06-17,8,WH_SOUTH,65
2023-06-17,9,WH_WEST,449
2023-06-17,10,WH_SOUTH,106
2023-06-17,11,WH_NORTH,6
2023-06-17,12,WH_SOUTH,214
2023-06-17,13,WH_NORTH,231
2023-06-17,14,WH_SOUTH,66
2023-06-17,15,WH_SOUTH,164
2023-06-17,16,WH_NORTH,78
2023-06-17,17,WH_SOUTH,1
2023-06-17,18,WH_SOUTH,342
2023-06-17,19,WH_EAST,349
2023-06-17,20,WH_SOUTH,449
2023-06-17,21,WH_EAST,101
2023-06-17,22,WH_WEST,169
2023-06-17,23,WH_SOUTH,294
2023-06-17,24,WH_NORTH,222
2023-06-17,25,WH_SOUTH,434
2023-06-17,26,WH_NORTH,442
2023-06-17,27,WH_NORTH,446
2023-06-17,28,WH_WEST,363
2023-06-17,29,WH_WEST,113
2023-06-17,30,WH_NORTH,216
2023-06-17,31,WH_WEST,313
2023-06-17,32,WH_WEST,428
2023-06-17,33,WH_WEST,372
2023-06-17,34,WH_EAST,4
2023-06-17,35,WH_SOUTH,105
2023-06-17,36,WH_NORTH,130
2023-06-17,37,WH_EAST,142
2023-06-17,38,WH_EAST,32
2023-06-17,39,WH_NORTH,199
2023-06-17,40,WH_NORTH,223
2023-06-17,41,WH_WEST,135
2023-06-17,42,WH_WEST,2
2023-06-17,43,WH_NORTH,351
2023-06-17,44,WH_EAST,148
2023-06-17,45,WH_EAST,282
2023-06-17,46,WH_NORTH,51
2023-06-17,47,WH_EAST,373
2023-06-17,48,WH_NORTH,250
2023-06-17,49,WH_WEST,153
2023-06-17,50,WH_SOUTH,297
2023-06-20,1,WH_WEST,425
2023-06-20,2,WH_SOUTH,264
2023-06-20,3,WH_NORTH,300
2023-06-20,4,WH_SOUTH,151
2023-06-20,5,WH_NORTH,60
2023-06-20,6,WH_EAST,3
2023-06-20,7,WH_EAST,418
2023-06-20,8,WH_NORTH,334
2023-06-20,9,WH_WEST,315
2023-06-20,10,WH_WEST,50
2023-06-20,11,WH_SOUTH,62
2023-06-20,12,WH_EAST,428
2023-06-20,13,WH_SOUTH,362
2023-06-20,14,WH_EAST,190
2023-06-20,15,WH_SOUTH,357
2023-06-20,16,WH_SOUTH,356
2023-06-20,17,WH_SOUTH,68
2023-06-20,18,WH_NORTH,166
2023-06-20,19,WH_SOUTH,233
2023-06-20,20,WH_WEST,325
2023-06-20,21,WH_EAST,120
2023-06-20,22,WH_EAST,471
2023-06-20,23,WH_EAST,378
2023-06-20,24,WH_NORTH,488
2023-06-20,25,WH_EAST,254
2023-06-20,26,WH_WEST,89
2023-06-20,27,WH_EAST,382
2023-06-20,28,WH_SOUTH,305
2023-06-20,29,WH_EAST,23
2023-06-20,30,WH_NORTH,44
2023-06-20,31,WH_NORTH,468
2023-06-20,32,WH_EAST,397
2023-06-20,33,WH_SOUTH,418
2023-06-20,34,WH_EAST,163
2023-06-20,35,WH_WEST,427
2023-06-20,36,WH_SOUTH,237
2023-06-20,37,WH_WEST,360
2023-06-20,38,WH_SOUTH,205
2023-06-20,39,WH_NORTH,113
2023-06-20,40,WH_NORTH,227
2023-06-20,41,WH_EAST,272
2023-06-20,42,WH_NORTH,496
2023-06-20,43,WH_SOUTH,10
2023-06-20,44,WH_EAST,465
2023-06-20,45,WH_EAST,410
2023-06-20,46,WH_NORTH,361
2023-06-20,47,WH_WEST,60
2023-06-20,48,WH_WEST,34
2023-06-20,49,WH_EAST,423
2023-06-20,50,WH_SOUTH,91
2023-06-23,1,WH_SOUTH,188
2023-06-23,2,WH_EAST,491
2023-06-23,3,WH_EAST,338
2023-06-23,4,WH_EAST,305
2023-06-23,5,WH_SOUTH,23
2023-06-23,6,WH_EAST,377
2023-06-23,7,WH_EAST,288
2023-06-23,8,WH_WEST,226
2023-06-23,9,WH_EAST,227
2023-06-23,10,WH_WEST,306
2023-06-23,11,WH_NORTH,54
2023-06-23,12,WH_SOUTH,402
2023-06-23,13,WH_WEST,303
2023-06-23,14,WH_SOUTH,9
2023-06-23,15,WH_EAST,388
2023-06-23,16,WH_EAST,239
2023-06-23,17,WH_WEST,497
2023-06-23,18,WH_SOUTH,226
2023-06-23,19,WH_EAST,166
2023-06-23,20,WH_NORTH,44
2023-06-23,21,WH_WEST,0
2023-06-23,22,WH_EAST,495
2023-06-23,23,WH_WEST,466
2023-06-23,24,WH_NORTH,408
2023-06-23,25,WH_NORTH,449
2023-06-23,26,WH_EAST,337
2023-06-23,27,WH_SOUTH,92
2023-06-23,28,WH_NORTH,397
2023-06-23,29,WH_SOUTH,103
2023-06-23,30,WH_WEST,363
2023-06-23,31,WH_WEST,31
2023-06-23,32,WH_NORTH,468
2023-06-23,33,WH_SOUTH,139
2023-06-23,34,WH_WEST,221
2023-06-23,35,WH_NORTH,66
2023-06-23,36,WH_SOUTH,3
2023-06-23,37,WH_WEST,143
2023-06-23,38,WH_WEST,462
2023-06-23,39,WH_NORTH,379
2023-06-23,40,WH_NORTH,382
2023-06-23,41,WH_SOUTH,374
2023-06-23,42,WH_WEST,295
2023-06-23,43,WH_SOUTH,238
2023-06-23,44,WH_NORTH,324
2023-06-23,45,WH_EAST,356
2023-06-23,46,WH_WEST,478
2023-06-23,47,WH_NORTH,467
2023-06-23,48,WH_SOUTH,108
2023-06-23,49,WH_WEST,383
2023-06-23,50,WH_EAST,451
2023-06-26,1,WH_SOUTH,262
2023-06-26,2,WH_EAST,375
2023-06-26,3,WH_WEST,262
2023-06-26,4,WH_NORTH,279
2023-06-26,5,WH_EAST,397
2023-06-26,6,WH_SOUTH,496
2023-06-26,7,WH_WEST,202
2023-06-26,8,WH_SOUTH,26
2023-06-26,9,WH_NORTH,330
2023-06-26,10,WH_NORTH,240
2023-06-26,11,WH_SOUTH,254
2023-06-26,12,WH_EAST,315
2023-06-26,13,WH_EAST,400
2023-06-26,14,WH_EAST,160
2023-06-26,15,WH_WEST,350
2023-06-26,16,WH_EAST,445
2023-06-26,17,WH_EAST,141
2023-06-26,18,WH_NORTH,435
2023-06-26,19,WH_NORTH,231
2023-06-26,20,WH_WEST,297
2023-06-26,21,WH_SOUTH,380
2023-06-26,22,WH_WEST,69
2023-06-26,23,WH_WEST,327
2023-06-26,24,WH_EAST,145
2023-06-26,25,WH_SOUTH,152
2023-06-26,26,WH_WEST,425
2023-06-26,27,WH_EAST,290
2023-06-26,28,WH_NORTH,352
2023-06-26,29,WH_WEST,15
2023-06-26,30,WH_EAST,127
2023-06-26,31,WH_EAST,296
2023-06-26,32,WH_SOUTH,471
2023-06-26,33,WH_EAST,488
2023-06-26,34,WH_NORTH,236
2023-06-26,35,WH_WEST,186
2023-06-26,36,WH_EAST,230
2023-06-26,37,WH_SOUTH,472
2023-06-26,38,WH_WEST,168
2023-06-26,39,WH_WEST,340
2023-06-26,40,WH_NORTH,193
2023-06-26,41,WH_WEST,269
2023-06-26,42,WH_EAST,421
2023-06-26,43,WH_SOUTH,156
2023-06-26,44,WH_NORTH,250
2023-06-26,45,WH_SOUTH,29
2023-06-26,46,WH_WEST,333
2023-06-26,47,WH_NORTH,412
2023-06-26,48,WH_WEST,238
2023-06-26,49,WH_WEST,48
2023-06-26,50,WH_SOUTH,161
